id_devolucion,id_transaccion,id_cliente,fecha_devolucion,monto_devuelto,motivo
DEV0001,TX0019890,CLI05397,2023-12-16,14703.59,Cambio de talle/color
DEV0002,TX0025164,CLI04640,2025-04-19,17842.81,Error de compra
DEV0003,TX0001160,,2023-02-28,17573.53,Error de compra
DEV0004,TX0021810,,2025-06-16,11432.06,Cambio de talle/color
DEV0005,TX0045268,CLI05673,2023-07-31,3472.06,Cambio de talle/color
DEV0006,TX0016894,,2023-10-17,12490.14,Producto defectuoso
DEV0007,TX0006975,,2024-08-27,31688.21,Producto defectuoso
DEV0008,TX0003388,,2023-12-11,24013.86,No cumplio expectativas
DEV0009,TX0032350,CLI00004,2024-12-19,17727.83,No cumplio expectativas
DEV0010,TX0038771,CLI04267,2025-09-13,14010.07,Producto defectuoso
DEV0011,TX0023492,CLI04048,2023-11-22,15328.05,No cumplio expectativas
DEV0012,TX0023261,CLI02831,2024-02-19,58299.25,Error de compra
DEV0013,TX0005081,CLI04554,2024-10-17,7868.52,Cambio de talle/color
DEV0014,TX0001885,CLI05602,2023-09-10,19388.01,Cambio de talle/color
DEV0015,TX0000350,,2023-10-24,24874.26,Cambio de talle/color
DEV0016,TX0048278,CLI03993,2023-12-06,3664.01,No cumplio expectativas
DEV0017,TX0034714,CLI05251,2024-03-03,32059.98,Cambio de talle/color
DEV0018,TX0033675,,2025-01-24,10307.07,Error de compra
DEV0019,TX0031656,CLI04559,2023-10-26,70862.96,Cambio de talle/color
DEV0020,TX0020079,CLI05546,2023-08-09,14301.46,No cumplio expectativas
DEV0021,TX0037023,,2024-08-01,7561.62,Cambio de talle/color
DEV0022,TX0034411,CLI06000,2023-05-11,10621.65,Producto defectuoso
DEV0023,TX0029779,,2024-08-24,53627.23,Error de compra
DEV0024,TX0014837,CLI01284,2025-09-07,54598.29,Cambio de talle/color
DEV0025,TX0001230,,2024-11-17,69208.59,Cambio de talle/color
DEV0026,TX0041242,,2023-06-24,19285.29,Error de compra
DEV0027,TX0022558,,2024-10-30,12890.42,Producto dañado en envio
DEV0028,TX0011879,CLI01305,2023-01-16,16784.64,Error de compra
DEV0029,TX0040284,CLI00533,2025-07-02,15918.68,Producto dañado en envio
DEV0030,TX0047969,,2023-03-17,17435.33,Producto dañado en envio
DEV0031,TX0013321,CLI01463,2025-02-27,12974.15,No cumplio expectativas
DEV0032,TX0048838,,2022-08-05,20160.73,Error de compra
DEV0033,TX0026461,CLI04065,2023-12-12,49765.1,Cambio de talle/color
DEV0034,TX0002821,,2024-10-26,10564.7,No cumplio expectativas
DEV0035,TX0016656,CLI05260,2023-02-23,14335.19,No cumplio expectativas
DEV0036,TX0023606,CLI01028,2024-01-31,21999.08,Producto dañado en envio
DEV0037,TX0044773,,2025-08-12,30680.87,Producto dañado en envio
DEV0038,TX0009377,CLI00056,2025-06-23,13643.73,No cumplio expectativas
DEV0039,TX0040642,,2025-04-25,25758.05,Error de compra
DEV0040,TX0025550,CLI00745,2024-05-08,25560.87,Cambio de talle/color
DEV0041,TX0021172,,2024-04-17,23024.89,Producto dañado en envio
DEV0042,TX0032687,CLI04279,2025-03-24,19171.34,No cumplio expectativas
DEV0043,TX0033284,CLI05900,2025-02-15,9956.45,No cumplio expectativas
DEV0044,TX0026073,CLI05489,2024-03-14,17804.46,Error de compra
DEV0045,TX0007281,,2025-01-27,44222.39,Error de compra
DEV0046,TX0000134,CLI04975,2024-12-25,34209.75,Producto defectuoso
DEV0047,TX0009794,CLI00763,2022-12-07,26047.18,Cambio de talle/color
DEV0048,TX0026366,CLI03552,2024-03-18,8609.64,Producto defectuoso
DEV0049,TX0026081,CLI04410,2025-01-23,22922.4,Error de compra
DEV0050,TX0014289,CLI00779,2025-02-24,8923.96,Producto defectuoso
DEV0051,TX0020958,,2023-12-22,23122.21,Cambio de talle/color
DEV0052,TX0002496,,2024-05-07,5373.88,No cumplio expectativas
DEV0053,TX0032984,,2023-07-16,10050.62,Error de compra
DEV0054,TX0021192,CLI05224,2023-12-20,19665.44,No cumplio expectativas
DEV0055,TX0042192,,2024-09-01,17100.02,Producto dañado en envio
DEV0056,TX0019781,,2023-10-09,11271.01,Producto dañado en envio
DEV0057,TX0006753,CLI04398,2024-07-17,24824.76,Producto defectuoso
DEV0058,TX0043154,,2025-02-23,12471.97,Producto dañado en envio
DEV0059,TX0033702,,2025-05-11,14451.53,Error de compra
DEV0060,TX0037787,CLI00743,2025-06-10,10071.21,Error de compra
DEV0061,TX0034548,CLI03240,2023-05-17,12434.3,Producto defectuoso
DEV0062,TX0008552,CLI02550,2023-09-18,19538.46,Error de compra
DEV0063,TX0020121,,2025-07-24,14914.39,Error de compra
DEV0064,TX0006531,,2023-03-01,19613.85,No cumplio expectativas
DEV0065,TX0049395,,2023-05-23,12527.87,Producto defectuoso
DEV0066,TX0005147,CLI01358,2024-05-26,28656.23,No cumplio expectativas
DEV0067,TX0046633,CLI05807,2023-03-18,5448.31,Producto dañado en envio
DEV0068,TX0028961,CLI00102,2025-03-05,21414.01,Error de compra
DEV0069,TX0018797,CLI04116,2023-10-10,13877.48,Producto defectuoso
DEV0070,TX0002408,CLI00248,2023-07-10,33513.51,Producto dañado en envio
DEV0071,TX0037802,CLI03647,2024-06-18,11935.72,Producto dañado en envio
DEV0072,TX0004946,CLI01059,2023-08-06,26245.02,Producto defectuoso
DEV0073,TX0027839,,2025-05-05,49294.27,Producto dañado en envio
DEV0074,TX0020421,CLI00670,2025-03-22,8695.78,No cumplio expectativas
DEV0075,TX0021684,CLI03250,2025-05-15,31395.73,No cumplio expectativas
DEV0076,TX0033654,,2024-11-23,21927.59,No cumplio expectativas
DEV0077,TX0007229,,2024-08-17,75646.75,Error de compra
DEV0078,TX0004665,,2023-09-13,22245.63,Producto dañado en envio
DEV0079,TX0017162,,2024-06-06,5648.93,Error de compra
DEV0080,TX0025078,CLI00010,2025-10-31,11433.3,Producto dañado en envio
DEV0081,TX0046957,CLI04458,2024-06-06,11928.44,Producto dañado en envio
DEV0082,TX0024897,CLI00353,2025-07-24,51926.19,Producto defectuoso
DEV0083,TX0034682,CLI03812,2025-01-18,15256.06,Cambio de talle/color
DEV0084,TX0030061,,2025-03-26,19036.31,Error de compra
DEV0085,TX0016394,CLI05516,2023-05-10,7267.27,No cumplio expectativas
DEV0086,TX0016525,CLI04737,2024-04-15,21390.33,Producto defectuoso
DEV0087,TX0010333,CLI05025,2025-01-24,13748.45,Producto defectuoso
DEV0088,TX0015540,CLI05531,2024-06-05,6817.9,No cumplio expectativas
DEV0089,TX0008309,,2024-10-05,86971.8,Error de compra
DEV0090,TX0021247,CLI01423,2024-07-10,21771.16,Producto defectuoso
DEV0091,TX0042549,CLI01992,2023-10-15,21727.71,Producto defectuoso
DEV0092,TX0047672,CLI03262,2024-10-31,13006.55,Producto defectuoso
DEV0093,TX0037723,,2024-01-04,10906.05,No cumplio expectativas
DEV0094,TX0016068,CLI03785,2022-12-19,53441.37,Producto defectuoso
DEV0095,TX0018566,CLI04357,2023-12-03,26902.97,No cumplio expectativas
DEV0096,TX0031190,CLI01989,2025-02-20,57544.46,No cumplio expectativas
DEV0097,TX0003165,CLI02895,2022-12-11,20570.48,No cumplio expectativas
DEV0098,TX0019986,CLI02916,2023-12-29,9866.21,Error de compra
DEV0099,TX0037635,,2022-10-24,6729.13,No cumplio expectativas
DEV0100,TX0016500,CLI00455,2022-12-06,25838.15,Error de compra
DEV0101,TX0014297,,2022-12-30,11252.27,Error de compra
DEV0102,TX0007421,CLI01490,2025-04-13,10979.6,Producto dañado en envio
DEV0103,TX0026109,CLI00726,2025-02-01,53057.62,Error de compra
DEV0104,TX0033278,CLI03063,2023-06-05,38906.42,No cumplio expectativas
DEV0105,TX0042795,CLI01963,2024-06-13,13258.17,No cumplio expectativas
DEV0106,TX0007328,CLI00066,2025-06-19,11119.81,Cambio de talle/color
DEV0107,TX0049639,,2023-03-02,8235.43,No cumplio expectativas
DEV0108,TX0004167,,2025-09-20,10390.13,Producto defectuoso
DEV0109,TX0038586,CLI00681,2024-07-16,18698.94,Producto dañado en envio
DEV0110,TX0003746,,2024-02-15,23705.0,Producto dañado en envio
DEV0111,TX0034831,,2023-01-15,14879.81,Producto defectuoso
DEV0112,TX0040329,,2025-10-11,25088.6,Error de compra
DEV0113,TX0043575,,2023-04-22,40155.32,Producto defectuoso
DEV0114,TX0029631,,2024-10-22,16768.21,Error de compra
DEV0115,TX0032168,CLI05228,2023-08-30,26346.21,Producto defectuoso
DEV0116,TX0013410,,2024-08-20,9817.4,No cumplio expectativas
DEV0117,TX0005744,CLI01267,2025-02-25,35719.43,Error de compra
DEV0118,TX0012328,,2024-07-04,25586.12,Error de compra
DEV0119,TX0037976,,2024-05-30,59120.23,No cumplio expectativas
DEV0120,TX0027902,CLI05204,2025-11-22,21596.25,Producto dañado en envio
DEV0121,TX0031377,CLI04869,2024-12-23,27087.79,Error de compra
DEV0122,TX0044189,CLI00381,2023-11-17,11666.94,Cambio de talle/color
DEV0123,TX0019711,CLI03058,2023-06-10,500.0,Error de compra
DEV0124,TX0002553,CLI02146,2022-06-22,43410.27,Error de compra
DEV0125,TX0037954,,2022-11-17,7279.84,Cambio de talle/color
DEV0126,TX0015553,,2022-03-26,69709.45,Error de compra
DEV0127,TX0046388,CLI00671,2025-03-26,9700.35,Producto dañado en envio
DEV0128,TX0024546,CLI01906,2025-03-18,9086.18,Producto dañado en envio
DEV0129,TX0006898,,2022-06-12,19417.74,Error de compra
DEV0130,TX0042290,CLI06021,2025-08-03,43610.73,Error de compra
DEV0131,TX0000861,CLI02975,2024-03-09,16130.93,Cambio de talle/color
DEV0132,TX0002304,,2023-12-06,24233.53,Error de compra
DEV0133,TX0049872,,2025-01-07,9263.94,Cambio de talle/color
DEV0134,TX0006016,,2024-11-14,15649.4,No cumplio expectativas
DEV0135,TX0020468,,2025-10-05,21277.35,Cambio de talle/color
DEV0136,TX0037884,,2023-11-05,62337.35,Cambio de talle/color
DEV0137,TX0036605,,2023-11-01,6833.72,Producto defectuoso
DEV0138,TX0029982,,2023-10-03,9600.13,Producto dañado en envio
DEV0139,TX0036336,CLI04325,2023-12-25,43016.28,Producto defectuoso
DEV0140,TX0037205,,2023-11-26,22538.71,Producto defectuoso
DEV0141,TX0003895,,2022-10-15,12666.88,Producto dañado en envio
DEV0142,TX0012162,,2025-06-05,11147.56,No cumplio expectativas
DEV0143,TX0008381,CLI03412,2023-06-29,16680.33,No cumplio expectativas
DEV0144,TX0034324,,2023-08-13,12074.94,Error de compra
DEV0145,TX0014637,,2025-08-09,13603.64,Cambio de talle/color
DEV0146,TX0009338,,2023-11-22,24747.48,Producto defectuoso
DEV0147,TX0000842,CLI02896,2022-06-12,12361.35,Error de compra
DEV0148,TX0009416,CLI00579,2025-01-27,4971.49,Producto defectuoso
DEV0149,TX0003717,,2025-08-17,13317.59,No cumplio expectativas
DEV0150,TX0017450,,2025-12-24,23864.72,Producto dañado en envio
DEV0151,TX0036839,CLI02522,2025-10-22,6260.1,Producto dañado en envio
DEV0152,TX0017560,,2023-01-14,14258.88,Cambio de talle/color
DEV0153,TX0025809,,2025-05-19,14615.53,Error de compra
DEV0154,TX0004261,CLI00073,2023-09-23,11626.49,Error de compra
DEV0155,TX0024764,,2024-06-18,25385.6,No cumplio expectativas
DEV0156,TX0049278,,2022-12-31,41514.75,Producto defectuoso
DEV0157,TX0009515,,2024-11-10,10625.37,Cambio de talle/color
DEV0158,TX0026137,,2023-08-31,11798.38,Error de compra
DEV0159,TX0034120,,2024-04-30,10087.95,Producto dañado en envio
DEV0160,TX0001970,CLI04921,2022-08-25,3160.0,Producto defectuoso
DEV0161,TX0033430,CLI03327,2023-11-24,25798.23,Error de compra
DEV0162,TX0023493,,2023-04-03,11589.59,Producto dañado en envio
DEV0163,TX0006034,,2024-11-26,48221.82,Producto dañado en envio
DEV0164,TX0005488,CLI03294,2024-03-08,9996.19,No cumplio expectativas
DEV0165,TX0006354,CLI00567,2025-02-04,15679.95,Producto defectuoso
DEV0166,TX0029013,CLI00416,2023-04-13,859.63,Cambio de talle/color
DEV0167,TX0005056,,2024-10-26,10856.47,Producto dañado en envio
DEV0168,TX0048124,CLI03008,2023-05-28,67777.56,Producto dañado en envio
DEV0169,TX0013574,,2022-10-12,16248.27,Error de compra
DEV0170,TX0013955,CLI03722,2022-06-15,31354.59,Producto defectuoso
DEV0171,TX0015485,,2024-09-04,11808.53,Producto defectuoso
DEV0172,TX0000421,CLI04542,2023-07-16,8141.36,No cumplio expectativas
DEV0173,TX0036719,,2024-08-22,25145.79,No cumplio expectativas
DEV0174,TX0047086,CLI03073,2025-02-02,74536.19,Producto defectuoso
DEV0175,TX0036974,,2025-09-20,26024.87,Error de compra
DEV0176,TX0031303,CLI01609,2024-01-19,5228.8,No cumplio expectativas
DEV0177,TX0036132,CLI01261,2025-05-18,28476.82,Producto defectuoso
DEV0178,TX0043429,,2025-09-11,14608.74,Producto defectuoso
DEV0179,TX0024478,CLI00033,2023-10-16,9322.04,No cumplio expectativas
DEV0180,TX0025993,CLI03652,2023-03-27,11779.62,Error de compra
DEV0181,TX0000885,CLI01501,2025-03-04,23609.7,Producto dañado en envio
DEV0182,TX0001813,,2025-05-23,15532.9,No cumplio expectativas
DEV0183,TX0048064,,2023-07-09,22320.19,Cambio de talle/color
DEV0184,TX0020441,,2025-07-20,9066.72,Producto dañado en envio
DEV0185,TX0014151,CLI00419,2025-05-15,7464.01,No cumplio expectativas
DEV0186,TX0007623,,2025-11-17,37579.51,Cambio de talle/color
DEV0187,TX0006185,CLI04862,2022-10-04,15794.79,No cumplio expectativas
DEV0188,TX0048760,,2024-04-07,30684.72,Producto defectuoso
DEV0189,TX0008050,CLI01016,2025-06-04,18345.13,Cambio de talle/color
DEV0190,TX0006658,,2025-10-16,32586.34,No cumplio expectativas
DEV0191,TX0010078,CLI02914,2023-08-27,18011.2,Producto dañado en envio
DEV0192,TX0025542,CLI05157,2023-08-22,3631.93,Error de compra
DEV0193,TX0026278,CLI02619,2023-08-19,7281.52,Error de compra
DEV0194,TX0028260,CLI06017,2025-06-26,73074.39,No cumplio expectativas
DEV0195,TX0029045,CLI05788,2024-11-02,52996.45,Producto defectuoso
DEV0196,TX0032947,,2025-02-12,17513.22,Cambio de talle/color
DEV0197,TX0044855,CLI04007,2024-06-02,6143.14,Producto dañado en envio
DEV0198,TX0007223,CLI04690,2023-07-21,6140.9,Producto defectuoso
DEV0199,TX0034651,,2025-10-03,9866.48,Producto dañado en envio
DEV0200,TX0018162,,2022-02-13,14177.15,Error de compra
DEV0201,TX0005070,CLI02501,2024-03-25,63994.8,Cambio de talle/color
DEV0202,TX0022345,CLI04517,2024-12-08,20572.48,Error de compra
DEV0203,TX0004581,CLI05807,2022-12-09,6181.08,Producto dañado en envio
DEV0204,TX0032308,CLI04992,2024-10-05,11722.08,Producto defectuoso
DEV0205,TX0049661,CLI02249,2023-11-18,58009.87,Producto defectuoso
DEV0206,TX0034667,,2023-02-12,9300.18,Error de compra
DEV0207,TX0042373,CLI02177,2024-07-21,5382.69,Producto dañado en envio
DEV0208,TX0022998,,2025-08-23,19948.36,Producto defectuoso
DEV0209,TX0032109,,2025-02-06,22409.72,Error de compra
DEV0210,TX0014757,CLI04315,2022-08-27,7008.9,Producto defectuoso
DEV0211,TX0049472,CLI00839,2025-03-22,7732.23,Error de compra
DEV0212,TX0040383,,2022-11-12,6494.84,Error de compra
DEV0213,TX0023274,,2024-10-02,11808.83,Producto defectuoso
DEV0214,TX0020805,CLI01511,2024-12-24,2835.76,Error de compra
DEV0215,TX0039857,CLI05380,2024-08-24,60405.37,Producto dañado en envio
DEV0216,TX0027748,CLI03674,2024-11-09,10681.99,Producto dañado en envio
DEV0217,TX0017779,CLI03662,2024-02-12,12737.26,Producto defectuoso
DEV0218,TX0025636,CLI00218,2025-03-14,6954.63,Cambio de talle/color
DEV0219,TX0015726,CLI00529,2025-04-25,11255.56,Cambio de talle/color
DEV0220,TX0025277,CLI03925,2024-11-14,10067.12,No cumplio expectativas
DEV0221,TX0006094,CLI01644,2024-04-06,16570.84,Producto defectuoso
DEV0222,TX0009887,,2025-03-13,5387.73,Producto dañado en envio
DEV0223,TX0014353,CLI02919,2025-06-13,21007.66,Error de compra
DEV0224,TX0021602,,2024-07-06,23056.0,Producto dañado en envio
DEV0225,TX0002479,CLI04692,2023-09-09,10299.42,Producto defectuoso
DEV0226,TX0001699,CLI05595,2025-05-13,7913.41,Producto defectuoso
DEV0227,TX0016197,CLI01298,2024-11-14,11598.64,Producto dañado en envio
DEV0228,TX0028656,CLI05780,2025-08-02,25298.4,Cambio de talle/color
DEV0229,TX0024070,,2024-08-23,15063.92,Error de compra
DEV0230,TX0021693,CLI03156,2023-08-05,29494.94,Producto dañado en envio
DEV0231,TX0023704,,2024-05-04,41967.28,Producto defectuoso
DEV0232,TX0012386,,2022-12-23,30613.63,Producto defectuoso
DEV0233,TX0018804,,2023-06-17,6189.29,Producto defectuoso
DEV0234,TX0021255,,2025-08-09,33260.29,Producto defectuoso
DEV0235,TX0020826,,2023-02-22,75974.99,Producto defectuoso
DEV0236,TX0035714,,2025-11-20,13865.3,Producto dañado en envio
DEV0237,TX0031076,CLI03870,2022-11-28,9993.93,Error de compra
DEV0238,TX0018673,,2024-08-09,14563.83,Producto dañado en envio
DEV0239,TX0032263,CLI03526,2025-03-27,67380.65,Producto dañado en envio
DEV0240,TX0022731,,2022-06-14,13384.72,Producto dañado en envio
DEV0241,TX0018768,CLI00759,2025-08-07,20114.69,Cambio de talle/color
DEV0242,TX0001328,,2023-09-05,19900.03,Cambio de talle/color
DEV0243,TX0017043,CLI03015,2023-12-27,36831.93,Producto dañado en envio
DEV0244,TX0006308,,2024-02-10,5737.45,Cambio de talle/color
DEV0245,TX0040580,,2024-09-18,12364.88,Producto defectuoso
DEV0246,TX0048297,CLI01805,2023-02-17,10662.0,Error de compra
DEV0247,TX0020194,,2024-08-16,7080.3,Producto dañado en envio
DEV0248,TX0009826,CLI04250,2025-02-10,8606.81,Producto dañado en envio
DEV0249,TX0016411,,2025-07-08,13011.29,Producto dañado en envio
DEV0250,TX0048106,,2025-04-17,14527.75,Producto defectuoso
DEV0251,TX0012800,CLI02591,2023-10-11,16912.56,Error de compra
DEV0252,TX0033545,,2025-10-18,53202.44,Producto dañado en envio
DEV0253,TX0028816,CLI02313,2024-08-22,7824.47,Error de compra
DEV0254,TX0003217,CLI02970,2024-10-05,10217.82,Producto dañado en envio
DEV0255,TX0009530,CLI02842,2023-03-28,20009.61,Producto dañado en envio
DEV0256,TX0015687,,2024-11-18,17759.37,No cumplio expectativas
DEV0257,TX0045106,,2025-01-21,27025.15,Producto defectuoso
DEV0258,TX0039509,,2023-02-08,13852.16,No cumplio expectativas
DEV0259,TX0036127,CLI01347,2022-08-29,5795.91,Cambio de talle/color
DEV0260,TX0002534,CLI02868,2025-08-01,13219.11,Producto defectuoso
DEV0261,TX0036334,CLI01264,2025-04-18,20808.23,Producto defectuoso
DEV0262,TX0049985,CLI02835,2024-02-05,23994.77,Error de compra
DEV0263,TX0009570,,2025-02-27,50858.86,No cumplio expectativas
DEV0264,TX0023893,,2024-12-13,12751.12,No cumplio expectativas
DEV0265,TX0010336,,2022-10-24,15743.95,Error de compra
DEV0266,TX0020145,CLI04533,2024-05-08,30959.84,No cumplio expectativas
DEV0267,TX0048401,CLI03312,2024-12-02,6421.79,Error de compra
DEV0268,TX0016931,CLI00988,2022-11-29,25814.39,Producto defectuoso
DEV0269,TX0021512,CLI00189,2022-12-11,76134.33,Producto dañado en envio
DEV0270,TX0011560,CLI04142,2025-03-01,15388.49,No cumplio expectativas
DEV0271,TX0019454,,2023-11-05,16130.2,Producto defectuoso
DEV0272,TX0048368,CLI03473,2024-02-12,10655.8,Producto dañado en envio
DEV0273,TX0018583,,2023-05-20,9654.72,Error de compra
DEV0274,TX0012129,,2023-03-08,18466.51,Producto defectuoso
DEV0275,TX0011332,,2025-01-06,19703.67,Producto defectuoso
DEV0276,TX0031308,,2022-01-31,21204.57,Producto defectuoso
DEV0277,TX0030384,,2024-03-24,16437.85,Cambio de talle/color
DEV0278,TX0034552,,2023-06-30,13192.62,Producto defectuoso
DEV0279,TX0022762,CLI05536,2024-12-24,14870.27,Error de compra
DEV0280,TX0012294,CLI00366,2025-04-19,14544.64,No cumplio expectativas
DEV0281,TX0014873,CLI04266,2024-11-19,86179.93,Producto dañado en envio
DEV0282,TX0009851,CLI00729,2023-01-18,24570.18,Error de compra
DEV0283,TX0007243,CLI03514,2022-11-30,12828.39,Error de compra
DEV0284,TX0014944,,2025-12-05,23935.73,No cumplio expectativas
DEV0285,TX0003410,CLI05057,2025-11-07,5561.26,Producto defectuoso
DEV0286,TX0034673,,2025-06-08,8819.63,Producto defectuoso
DEV0287,TX0026222,,2025-06-11,16244.52,Error de compra
DEV0288,TX0008809,CLI01782,2023-09-13,5204.29,Producto defectuoso
DEV0289,TX0045592,CLI04141,2025-06-03,69462.53,Producto defectuoso
DEV0290,TX0041239,,2023-07-04,8899.01,Cambio de talle/color
DEV0291,TX0025844,CLI03037,2024-12-06,16381.15,Producto dañado en envio
DEV0292,TX0008582,CLI02152,2025-03-09,11447.09,No cumplio expectativas
DEV0293,TX0000413,CLI02492,2023-12-21,21882.45,Error de compra
DEV0294,TX0027059,,2025-01-10,13514.27,No cumplio expectativas
DEV0295,TX0002143,CLI04012,2024-04-22,15381.17,Producto defectuoso
DEV0296,TX0026339,,2023-01-04,18810.98,Cambio de talle/color
DEV0297,TX0044010,CLI03976,2025-03-29,19155.24,Producto defectuoso
DEV0298,TX0024053,,2025-02-16,24937.38,Error de compra
DEV0299,TX0022647,CLI04936,2022-04-15,45696.44,Producto defectuoso
DEV0300,TX0043889,,2025-08-17,4413.17,Cambio de talle/color
DEV0301,TX0035865,,2023-12-09,20231.33,Producto dañado en envio
DEV0302,TX0016546,CLI00409,2025-02-22,8846.48,No cumplio expectativas
DEV0303,TX0026122,,2023-12-16,27210.78,No cumplio expectativas
DEV0304,TX0013055,CLI03414,2023-05-04,14077.47,No cumplio expectativas
DEV0305,TX0045140,CLI02953,2023-11-21,28727.35,Error de compra
DEV0306,TX0004472,,2025-01-29,14666.01,Cambio de talle/color
DEV0307,TX0038437,CLI03147,2025-03-04,2730.85,Error de compra
DEV0308,TX0041381,CLI05829,2024-01-10,28507.45,Producto dañado en envio
DEV0309,TX0023951,CLI00444,2025-01-22,9205.62,No cumplio expectativas
DEV0310,TX0017070,CLI02867,2025-05-23,13986.24,No cumplio expectativas
DEV0311,TX0007097,CLI01110,2024-08-26,12369.52,Producto defectuoso
DEV0312,TX0019714,,2024-07-29,26627.14,Cambio de talle/color
DEV0313,TX0026620,,2023-12-14,26613.81,Producto dañado en envio
DEV0314,TX0047627,,2025-04-18,13946.57,No cumplio expectativas
DEV0315,TX0040775,,2023-11-28,17879.85,Cambio de talle/color
DEV0316,TX0020351,,2025-07-11,23156.31,No cumplio expectativas
DEV0317,TX0018381,CLI01717,2022-03-28,12335.67,No cumplio expectativas
DEV0318,TX0014129,,2023-04-14,10181.64,No cumplio expectativas
DEV0319,TX0039763,CLI03824,2024-10-03,8693.06,Error de compra
DEV0320,TX0021530,CLI03474,2022-11-05,16088.26,Cambio de talle/color
DEV0321,TX0033612,,2024-02-13,10250.82,Error de compra
DEV0322,TX0031922,CLI03506,2022-08-25,14485.55,No cumplio expectativas
DEV0323,TX0047573,CLI01889,2024-03-14,8159.16,Producto dañado en envio
DEV0324,TX0005757,,2025-09-18,10198.2,Producto defectuoso
DEV0325,TX0038117,CLI03367,2023-10-01,11085.18,Producto defectuoso
DEV0326,TX0025393,CLI01774,2024-04-16,10161.73,No cumplio expectativas
DEV0327,TX0039732,CLI02571,2024-04-05,13102.78,No cumplio expectativas
DEV0328,TX0007198,,2024-05-05,3905.97,Error de compra
DEV0329,TX0041572,,2024-08-25,673.3,No cumplio expectativas
DEV0330,TX0043596,,2023-04-12,3089.52,Producto dañado en envio
DEV0331,TX0036280,,2025-06-30,15668.86,No cumplio expectativas
DEV0332,TX0024565,CLI03494,2023-01-06,21376.44,Producto defectuoso
DEV0333,TX0017703,CLI03134,2025-03-28,11833.33,Producto defectuoso
DEV0334,TX0046094,CLI02953,2024-05-13,24900.16,Producto dañado en envio
DEV0335,TX0010268,,2025-06-18,25201.59,Producto defectuoso
DEV0336,TX0041929,CLI03879,2023-05-23,25477.87,Producto dañado en envio
DEV0337,TX0008019,,2025-01-25,57006.32,Cambio de talle/color
DEV0338,TX0021215,,2022-05-29,4741.8,Producto defectuoso
DEV0339,TX0037419,,2024-08-14,7579.01,Cambio de talle/color
DEV0340,TX0049035,CLI02662,2024-02-17,16372.51,Error de compra
DEV0341,TX0023923,,2023-10-01,18821.44,No cumplio expectativas
DEV0342,TX0015916,CLI00994,2024-05-04,16680.96,Error de compra
DEV0343,TX0020813,CLI00111,2023-03-10,29224.05,Error de compra
DEV0344,TX0021393,CLI03426,2024-10-20,17961.51,No cumplio expectativas
DEV0345,TX0023455,CLI03988,2025-04-30,6459.8,Error de compra
DEV0346,TX0049441,,2022-05-09,15414.18,Producto dañado en envio
DEV0347,TX0008433,,2024-07-07,11477.48,No cumplio expectativas
DEV0348,TX0005216,CLI04874,2025-11-19,17020.21,Producto defectuoso
DEV0349,TX0006535,,2024-12-03,12281.57,No cumplio expectativas
DEV0350,TX0042685,,2024-06-21,10999.95,Producto dañado en envio
DEV0351,TX0043649,,2025-09-10,7226.27,Cambio de talle/color
DEV0352,TX0042748,,2023-10-04,16474.45,Producto dañado en envio
DEV0353,TX0005699,CLI01066,2025-08-30,20723.38,No cumplio expectativas
DEV0354,TX0034801,,2024-08-27,19131.67,Error de compra
DEV0355,TX0031307,CLI03990,2023-10-07,11338.98,Cambio de talle/color
DEV0356,TX0039958,CLI01434,2025-05-02,20290.44,Producto dañado en envio
DEV0357,TX0047592,CLI04709,2025-09-11,7188.29,Producto defectuoso
DEV0358,TX0027665,,2024-04-19,4189.94,Cambio de talle/color
DEV0359,TX0046515,CLI04935,2023-01-24,5316.8,No cumplio expectativas
DEV0360,TX0045601,CLI03339,2025-04-26,6902.98,No cumplio expectativas
DEV0361,TX0004932,,2023-06-06,8788.96,No cumplio expectativas
DEV0362,TX0030089,CLI00309,2025-03-14,66166.21,Producto defectuoso
DEV0363,TX0026023,CLI02681,2023-07-28,34757.97,Cambio de talle/color
DEV0364,TX0014224,,2023-08-19,11865.62,Producto defectuoso
DEV0365,TX0016509,,2025-07-15,11261.95,No cumplio expectativas
DEV0366,TX0027885,,2023-10-26,7086.84,Cambio de talle/color
DEV0367,TX0040500,,2025-07-27,6889.28,No cumplio expectativas
DEV0368,TX0034365,,2023-02-07,5409.14,No cumplio expectativas
DEV0369,TX0021126,,2024-08-30,9629.83,Error de compra
DEV0370,TX0008398,CLI03073,2024-02-26,7357.87,No cumplio expectativas
DEV0371,TX0035467,,2025-06-03,17007.7,Error de compra
DEV0372,TX0011095,,2025-04-09,6797.22,No cumplio expectativas
DEV0373,TX0022104,CLI00534,2024-01-28,15806.98,Error de compra
DEV0374,TX0040421,,2024-11-01,15179.15,Error de compra
DEV0375,TX0029432,CLI05810,2025-08-12,14325.83,Cambio de talle/color
DEV0376,TX0015141,CLI05676,2025-01-18,83906.83,Cambio de talle/color
DEV0377,TX0002649,,2024-01-03,43713.83,Error de compra
DEV0378,TX0048750,,2024-02-02,12387.04,Cambio de talle/color
DEV0379,TX0030800,CLI03003,2024-01-16,13563.43,No cumplio expectativas
DEV0380,TX0044973,CLI00796,2023-02-08,11300.37,Producto defectuoso
DEV0381,TX0012805,,2024-08-21,16286.37,No cumplio expectativas
DEV0382,TX0049098,,2025-08-02,31924.93,No cumplio expectativas
DEV0383,TX0048853,CLI02901,2025-10-17,19043.93,Error de compra
DEV0384,TX0035891,,2025-07-22,11870.56,No cumplio expectativas
DEV0385,TX0032822,,2024-12-20,37163.39,Cambio de talle/color
DEV0386,TX0031969,CLI03677,2024-12-06,26842.05,Producto dañado en envio
DEV0387,TX0048802,,2025-02-03,53934.62,No cumplio expectativas
DEV0388,TX0021631,CLI00017,2024-10-10,12953.8,Producto dañado en envio
DEV0389,TX0036891,,2022-10-10,69438.94,Error de compra
DEV0390,TX0022698,CLI03864,2024-07-22,12983.64,No cumplio expectativas
DEV0391,TX0049521,CLI00868,2024-11-26,31689.08,Producto dañado en envio
DEV0392,TX0000672,CLI04809,2025-02-01,3026.34,Producto defectuoso
DEV0393,TX0017158,CLI05572,2025-07-14,51099.91,Producto dañado en envio
DEV0394,TX0028584,CLI05206,2024-05-20,4369.2,Producto dañado en envio
DEV0395,TX0018096,CLI00716,2025-09-27,22196.1,No cumplio expectativas
DEV0396,TX0013337,,2025-10-04,7113.25,Error de compra
DEV0397,TX0047299,CLI05282,2025-05-27,26920.9,No cumplio expectativas
DEV0398,TX0017503,CLI02536,2023-12-04,5360.26,Cambio de talle/color
DEV0399,TX0013269,CLI00823,2024-09-23,16628.99,Error de compra
DEV0400,TX0049709,,2023-06-08,15957.0,Cambio de talle/color
DEV0401,TX0032565,,2023-10-29,14906.52,Cambio de talle/color
DEV0402,TX0028474,CLI00018,2024-01-01,59774.97,No cumplio expectativas
DEV0403,TX0031231,CLI00224,2024-05-14,14009.3,Producto dañado en envio
DEV0404,TX0041498,,2024-10-05,13463.37,Cambio de talle/color
DEV0405,TX0006690,CLI01219,2023-06-05,13645.11,No cumplio expectativas
DEV0406,TX0004270,,2022-08-16,5585.46,Producto defectuoso
DEV0407,TX0012526,,2024-09-27,16432.55,Producto defectuoso
DEV0408,TX0025934,CLI02427,2025-04-05,24321.49,Producto defectuoso
DEV0409,TX0024544,CLI03854,2023-07-15,7971.8,Producto defectuoso
DEV0410,TX0036699,,2023-04-16,13170.33,Producto dañado en envio
DEV0411,TX0015851,,2022-10-22,18070.24,Producto dañado en envio
DEV0412,TX0025412,,2024-09-22,7543.35,Producto dañado en envio
DEV0413,TX0046362,,2023-01-09,21648.63,Producto defectuoso
DEV0414,TX0031544,,2023-12-13,20023.11,Producto defectuoso
DEV0415,TX0041635,CLI02919,2023-05-27,60493.61,Cambio de talle/color
DEV0416,TX0017759,,2024-11-18,70849.22,No cumplio expectativas
DEV0417,TX0035095,,2023-12-20,11149.29,Cambio de talle/color
DEV0418,TX0048731,CLI05378,2022-05-22,500.0,No cumplio expectativas
DEV0419,TX0022916,,2022-07-18,19979.13,Producto defectuoso
DEV0420,TX0037674,,2024-04-24,5902.26,Error de compra
DEV0421,TX0043450,CLI00463,2022-09-29,8826.7,Cambio de talle/color
DEV0422,TX0035374,CLI03530,2022-10-23,1946.02,Producto defectuoso
DEV0423,TX0010440,CLI01820,2023-08-28,24085.17,Error de compra
DEV0424,TX0036090,CLI03998,2023-11-17,14787.56,Producto dañado en envio
DEV0425,TX0047502,,2025-04-28,7478.37,Producto defectuoso
DEV0426,TX0024477,CLI04771,2024-10-30,12890.61,No cumplio expectativas
DEV0427,TX0000477,CLI01818,2023-11-03,11730.78,Producto dañado en envio
DEV0428,TX0017785,CLI04936,2025-01-28,15973.55,Error de compra
DEV0429,TX0025821,CLI02871,2024-04-21,28449.73,Producto dañado en envio
DEV0430,TX0049729,CLI01351,2024-10-27,13404.85,No cumplio expectativas
DEV0431,TX0005433,,2025-01-29,20517.6,Cambio de talle/color
DEV0432,TX0009273,CLI05595,2024-08-09,13950.84,Error de compra
DEV0433,TX0035889,,2024-03-14,14083.86,Producto defectuoso
DEV0434,TX0011638,CLI04874,2023-07-19,14995.73,Cambio de talle/color
DEV0435,TX0018633,CLI03451,2024-02-02,19879.66,Error de compra
DEV0436,TX0002302,CLI01162,2023-05-31,15048.5,Error de compra
DEV0437,TX0013930,CLI03607,2024-02-22,15405.53,Producto defectuoso
DEV0438,TX0035646,,2023-01-15,13524.82,No cumplio expectativas
DEV0439,TX0030404,,2023-09-27,4020.91,Cambio de talle/color
DEV0440,TX0035919,CLI05069,2025-01-30,7261.44,No cumplio expectativas
DEV0441,TX0019437,CLI00520,2022-10-17,3481.44,Producto dañado en envio
DEV0442,TX0028322,CLI00845,2023-02-16,7099.04,Producto defectuoso
DEV0443,TX0001652,CLI04509,2023-11-26,14085.24,Producto dañado en envio
DEV0444,TX0010546,,2023-09-14,8842.42,No cumplio expectativas
DEV0445,TX0021573,,2025-05-09,16288.7,Error de compra
DEV0446,TX0017023,,2025-06-17,12011.97,No cumplio expectativas
DEV0447,TX0041527,,2025-06-05,8625.09,Cambio de talle/color
DEV0448,TX0018381,CLI01717,2022-04-01,12335.67,Error de compra
DEV0449,TX0021422,CLI05469,2023-07-02,64669.25,Error de compra
DEV0450,TX0039630,,2022-11-16,21950.76,Producto defectuoso
DEV0451,TX0028927,CLI03622,2025-05-25,10749.47,Error de compra
DEV0452,TX0034425,,2022-12-05,22267.38,Error de compra
DEV0453,TX0046870,,2024-07-30,7455.69,Cambio de talle/color
DEV0454,TX0046556,,2025-03-16,26577.79,Producto dañado en envio
DEV0455,TX0041257,,2023-02-20,6621.05,Error de compra
DEV0456,TX0027855,CLI00122,2025-02-18,10596.05,Cambio de talle/color
DEV0457,TX0041406,,2025-04-19,25431.27,Producto defectuoso
DEV0458,TX0034154,,2025-01-02,19079.64,Error de compra
DEV0459,TX0027059,,2025-01-20,13514.27,Cambio de talle/color
DEV0460,TX0039290,CLI00779,2024-11-21,18236.51,Error de compra
DEV0461,TX0022635,,2025-11-23,29025.06,No cumplio expectativas
DEV0462,TX0008848,CLI02350,2023-07-08,12831.81,No cumplio expectativas
DEV0463,TX0010353,,2025-06-03,14909.85,Producto defectuoso
DEV0464,TX0036984,CLI02611,2025-04-20,19758.16,Error de compra
DEV0465,TX0049800,,2024-02-18,18710.62,Producto defectuoso
DEV0466,TX0005082,CLI05992,2024-06-13,12431.8,No cumplio expectativas
DEV0467,TX0027616,CLI03332,2024-02-27,20272.85,Producto dañado en envio
DEV0468,TX0018767,,2024-03-30,19822.17,Producto dañado en envio
DEV0469,TX0026698,CLI03136,2023-11-07,17846.31,Producto dañado en envio
DEV0470,TX0043123,,2025-04-15,23088.47,Producto dañado en envio
DEV0471,TX0003382,CLI00424,2024-08-10,18669.6,No cumplio expectativas
DEV0472,TX0004072,CLI01702,2024-10-18,12259.49,Cambio de talle/color
DEV0473,TX0009929,CLI03777,2024-10-01,8434.1,Producto dañado en envio
DEV0474,TX0017431,CLI02128,2025-07-24,26111.79,Producto dañado en envio
DEV0475,TX0022117,CLI00736,2024-11-03,49451.75,Producto dañado en envio
DEV0476,TX0017468,CLI05788,2024-06-19,36859.85,Error de compra
DEV0477,TX0043034,CLI05743,2023-04-20,13763.81,Producto defectuoso
DEV0478,TX0006731,,2025-05-24,27700.96,No cumplio expectativas
DEV0479,TX0008989,,2023-07-03,98480.57,No cumplio expectativas
DEV0480,TX0008227,,2023-09-12,8582.78,Producto dañado en envio
DEV0481,TX0008245,,2024-03-14,19555.67,Cambio de talle/color
DEV0482,TX0005928,,2024-11-11,9981.79,Cambio de talle/color
DEV0483,TX0041635,CLI02919,2023-05-31,60493.61,Producto defectuoso
DEV0484,TX0030172,,2023-10-02,8228.28,Producto dañado en envio
DEV0485,TX0014036,CLI00173,2024-04-09,20511.68,Error de compra
DEV0486,TX0021488,CLI05686,2022-05-22,15137.78,Producto defectuoso
DEV0487,TX0017470,CLI04235,2024-09-02,16183.84,No cumplio expectativas
DEV0488,TX0001641,CLI05263,2025-02-05,4370.22,No cumplio expectativas
DEV0489,TX0016710,,2024-07-08,7626.83,No cumplio expectativas
DEV0490,TX0028350,,2024-08-16,9881.39,Producto dañado en envio
DEV0491,TX0041124,CLI05244,2025-07-13,17314.62,Producto defectuoso
DEV0492,TX0023239,CLI04277,2022-05-24,77084.99,Cambio de talle/color
DEV0493,TX0048621,CLI02760,2025-03-17,10899.6,Producto defectuoso
DEV0494,TX0036122,,2025-06-12,9046.18,Cambio de talle/color
DEV0495,TX0035736,CLI03139,2022-11-28,34250.92,Producto dañado en envio
DEV0496,TX0025665,,2024-03-01,9675.89,Producto dañado en envio
DEV0497,TX0048188,,2022-03-12,11991.58,Producto defectuoso
DEV0498,TX0033597,,2023-02-03,6101.16,Error de compra
DEV0499,TX0023585,,2025-08-09,11932.53,Cambio de talle/color
DEV0500,TX0020979,,2024-07-14,19310.23,Producto defectuoso
DEV0501,TX0041168,,2022-04-23,21424.97,Cambio de talle/color
DEV0502,TX0041247,CLI01851,2023-10-16,5076.44,Producto defectuoso
DEV0503,TX0008361,CLI01909,2025-02-06,15142.41,No cumplio expectativas
DEV0504,TX0034530,CLI00690,2025-03-26,13065.01,Producto dañado en envio
DEV0505,TX0031918,,2023-07-13,53565.21,No cumplio expectativas
DEV0506,TX0008609,,2025-07-10,10893.4,Error de compra
DEV0507,TX0013121,,2024-10-08,14711.13,No cumplio expectativas
DEV0508,TX0007619,,2023-02-19,18627.7,Producto defectuoso
DEV0509,TX0005987,CLI06016,2024-07-19,15894.29,Producto defectuoso
DEV0510,TX0038305,,2025-10-28,21956.09,Cambio de talle/color
DEV0511,TX0036353,CLI04895,2025-09-10,21238.21,Cambio de talle/color
DEV0512,TX0000684,CLI05832,2022-12-10,13680.09,Producto dañado en envio
DEV0513,TX0013782,,2025-01-14,92941.88,Producto dañado en envio
DEV0514,TX0036650,CLI04946,2025-05-02,4948.36,Producto dañado en envio
DEV0515,TX0000729,CLI02397,2024-11-10,79706.7,Error de compra
DEV0516,TX0014780,,2024-04-03,22341.31,No cumplio expectativas
DEV0517,TX0019074,,2024-03-17,11044.78,Error de compra
DEV0518,TX0011652,,2023-06-10,12006.71,No cumplio expectativas
DEV0519,TX0031534,,2025-07-18,15276.84,Error de compra
DEV0520,TX0007275,,2025-10-23,9256.16,Error de compra
DEV0521,TX0028416,CLI05566,2024-11-29,24389.47,Error de compra
DEV0522,TX0026494,,2022-04-01,41610.93,Error de compra
DEV0523,TX0042313,CLI03907,2023-07-26,7839.69,Producto defectuoso
DEV0524,TX0018564,CLI04005,2024-01-06,30595.46,Error de compra
DEV0525,TX0012619,,2024-07-31,26193.52,Cambio de talle/color
DEV0526,TX0008792,,2025-07-03,80726.98,Error de compra
DEV0527,TX0043497,,2024-11-11,5239.82,No cumplio expectativas
DEV0528,TX0023969,,2024-10-03,31212.62,Producto dañado en envio
DEV0529,TX0021115,CLI00103,2024-03-29,8379.48,Cambio de talle/color
DEV0530,TX0022846,CLI00750,2024-07-02,500.0,Producto dañado en envio
DEV0531,TX0002575,CLI03323,2023-02-26,21751.94,Producto dañado en envio
DEV0532,TX0019843,CLI02006,2025-07-01,68124.12,Cambio de talle/color
DEV0533,TX0009925,CLI05985,2025-01-16,6767.46,No cumplio expectativas
DEV0534,TX0006585,,2025-05-25,10210.0,No cumplio expectativas
DEV0535,TX0032533,CLI05766,2024-02-29,12559.25,Error de compra
DEV0536,TX0012626,CLI01176,2023-03-02,8115.19,Error de compra
DEV0537,TX0005976,CLI03289,2024-05-26,10383.48,Producto dañado en envio
DEV0538,TX0001578,,2024-04-12,12296.97,Cambio de talle/color
DEV0539,TX0017159,CLI03876,2023-05-18,11518.12,No cumplio expectativas
DEV0540,TX0040797,CLI03540,2023-12-18,9810.0,No cumplio expectativas
DEV0541,TX0014148,,2023-01-15,12128.2,Producto dañado en envio
DEV0542,TX0032136,,2024-03-31,6233.55,Cambio de talle/color
DEV0543,TX0014605,CLI03807,2024-08-26,7322.53,No cumplio expectativas
DEV0544,TX0008501,,2023-05-03,11722.43,Producto defectuoso
DEV0545,TX0018815,CLI01306,2022-10-15,3559.81,Producto dañado en envio
DEV0546,TX0006869,CLI01899,2024-05-11,26903.77,Cambio de talle/color
DEV0547,TX0012053,CLI04946,2024-02-17,10700.92,Cambio de talle/color
DEV0548,TX0007231,,2023-11-15,24288.26,No cumplio expectativas
DEV0549,TX0012321,CLI01863,2023-05-07,26100.03,No cumplio expectativas
DEV0550,TX0025506,CLI02836,2022-09-20,19285.37,Producto dañado en envio
DEV0551,TX0021530,CLI03474,2022-11-06,16088.26,No cumplio expectativas
DEV0552,TX0001051,,2025-09-07,7211.81,No cumplio expectativas
DEV0553,TX0016686,,2022-09-27,26691.96,Producto defectuoso
DEV0554,TX0024995,,2024-03-30,12412.3,Producto defectuoso
DEV0555,TX0036575,CLI05052,2024-08-30,20977.14,Cambio de talle/color
DEV0556,TX0010081,CLI01345,2023-01-31,10223.59,Producto dañado en envio
DEV0557,TX0035277,,2023-03-13,14377.42,Producto dañado en envio
DEV0558,TX0026135,CLI04627,2024-09-30,8175.34,Error de compra
DEV0559,TX0022710,CLI02563,2024-05-03,17151.8,Error de compra
DEV0560,TX0029850,,2024-10-27,6888.71,Cambio de talle/color
DEV0561,TX0044760,,2025-07-31,49909.29,Producto defectuoso
DEV0562,TX0039642,,2023-08-24,39867.91,Producto defectuoso
DEV0563,TX0037007,CLI00838,2023-10-25,8836.94,Cambio de talle/color
DEV0564,TX0020571,CLI03978,2023-04-22,96425.58,Cambio de talle/color
DEV0565,TX0042599,CLI03902,2024-01-09,55185.96,Producto defectuoso
DEV0566,TX0038694,,2023-02-27,8057.18,Cambio de talle/color
DEV0567,TX0018318,,2024-11-04,12353.43,Producto defectuoso
DEV0568,TX0031667,CLI05878,2025-02-05,16834.76,Error de compra
DEV0569,TX0022332,CLI00748,2025-09-13,9411.24,Producto dañado en envio
DEV0570,TX0035897,CLI03044,2024-03-10,17343.4,Error de compra
DEV0571,TX0027494,CLI04286,2023-06-02,12471.96,No cumplio expectativas
DEV0572,TX0018897,CLI03856,2022-12-20,53126.57,No cumplio expectativas
DEV0573,TX0012827,CLI05186,2025-03-26,16149.43,Cambio de talle/color
DEV0574,TX0007971,CLI01984,2024-05-31,41991.75,Producto defectuoso
DEV0575,TX0001054,CLI04612,2024-12-13,10874.86,No cumplio expectativas
DEV0576,TX0024132,CLI05048,2025-07-18,16910.94,No cumplio expectativas
DEV0577,TX0049872,,2025-01-22,9263.94,Producto defectuoso
DEV0578,TX0029720,CLI02397,2025-08-22,10523.08,No cumplio expectativas
DEV0579,TX0029829,,2023-11-20,67212.9,Cambio de talle/color
DEV0580,TX0026488,,2023-08-07,8306.12,Producto defectuoso
DEV0581,TX0014199,CLI01451,2023-01-31,10348.3,Error de compra
DEV0582,TX0024157,CLI05400,2022-12-04,18950.59,No cumplio expectativas
DEV0583,TX0019765,CLI05416,2025-03-29,23937.97,Error de compra
DEV0584,TX0019226,CLI02924,2024-01-23,13462.16,Error de compra
DEV0585,TX0048000,CLI02515,2025-01-17,26724.23,Producto dañado en envio
DEV0586,TX0012884,CLI00479,2024-07-08,38786.77,Producto dañado en envio
DEV0587,TX0015675,CLI04459,2024-04-18,60253.12,Error de compra
DEV0588,TX0032419,CLI05208,2022-07-16,5060.57,Producto dañado en envio
DEV0589,TX0040045,CLI00473,2023-08-15,61502.39,No cumplio expectativas
DEV0590,TX0039101,CLI04332,2023-12-21,17244.92,Producto dañado en envio
DEV0591,TX0042061,CLI01261,2024-06-10,16131.83,Error de compra
DEV0592,TX0041603,,2025-07-15,28728.9,Error de compra
DEV0593,TX0026546,CLI05928,2023-07-10,10805.8,Producto dañado en envio
DEV0594,TX0032837,CLI04338,2023-12-15,24307.64,No cumplio expectativas
DEV0595,TX0018738,,2024-12-29,12494.61,Error de compra
DEV0596,TX0005157,CLI00574,2023-12-06,31597.5,Cambio de talle/color
DEV0597,TX0047936,CLI02506,2024-10-05,13205.43,Producto dañado en envio
DEV0598,TX0041271,,2024-12-22,16939.35,Error de compra
DEV0599,TX0012366,,2023-11-05,26383.01,Error de compra
DEV0600,TX0014963,,2023-10-06,15209.82,No cumplio expectativas
DEV0601,TX0004173,CLI01045,2023-01-18,9151.87,Producto dañado en envio
DEV0602,TX0009093,,2025-01-14,54864.75,Producto defectuoso
DEV0603,TX0005023,CLI00046,2024-08-22,18874.68,Producto defectuoso
DEV0604,TX0000683,,2025-04-30,53821.4,No cumplio expectativas
DEV0605,TX0011337,CLI00086,2023-09-02,58148.59,Error de compra
DEV0606,TX0003267,CLI01371,2023-02-08,23925.15,Producto dañado en envio
DEV0607,TX0045602,,2024-12-04,22366.91,No cumplio expectativas
DEV0608,TX0029487,,2023-09-20,15005.58,Error de compra
DEV0609,TX0043111,,2022-12-16,18218.63,No cumplio expectativas
DEV0610,TX0017343,,2023-05-18,15597.0,Producto dañado en envio
DEV0611,TX0044862,,2025-07-27,18332.71,Error de compra
DEV0612,TX0022429,,2024-12-27,22373.43,No cumplio expectativas
DEV0613,TX0033118,CLI04529,2024-12-03,5098.43,Producto dañado en envio
